﻿<!--
// (c) Copyright Microsoft Corporation.
// This source is subject to the Microsoft Public License (Ms-PL).
// Please see http://go.microsoft.com/fwlink/?LinkID=131993 for details.
// All other rights reserved.
-->

<!-- 
//
// For code analysis, these are terms that we recognize as correctly spelled.
//
-->
<Dictionary>
  <Words>
    <Recognized>
      <!-- Brands -->
      <Word>Silverlight</Word>
      
      <!-- Microsoft-specific -->
      <Word>VSTT</Word>
      
      <!-- Browsers -->
      <Word>Safari</Word>
      <Word>Firefox</Word>

      <!-- Silverlight-specific -->
      <Word>Plugin</Word>

      <!-- HTML, CSS, W3C specs -->
      <Word>Mouseout</Word>
      <Word>Mouseover</Word>
      <Word>Enqueues</Word>
    </Recognized>
  </Words>
</Dictionary>